id,target
c0f722661,-2.282411349875023
f0953f0a5,-0.057161221990377875
0df072751,-0.26184121691263385
04caf4e0c,-1.600011278551704
0e63f8bea,-1.095395395454168
12537fe78,-0.959002792908579
965e592c0,-0.08087866342186611
